Employee_ID,Attrition_rate
EID_22713,0.30866295
EID_9658,0.24086821
EID_22203,0.2595839
EID_7652,0.1459795
EID_6516,0.2781042
EID_20283,0.11147177
EID_21014,0.1445106
EID_7693,0.30286866
EID_13232,0.24075162
EID_6515,0.34373987
EID_13639,0.11724317
EID_14669,0.3516181
EID_16537,0.30986598
EID_5782,0.46120003
EID_20157,0.14353997
EID_1855,0.22782418
EID_20748,0.10774523
EID_23179,0.42224556
EID_12838,0.30980378
EID_21656,0.082241565
EID_8844,0.24102902
EID_1536,0.1203551
EID_8822,0.19571134
EID_11398,0.2765267
EID_12965,0.1481007
EID_5204,0.20408207
EID_10030,0.29005626
EID_13227,0.33207315
EID_20607,0.21766984
EID_14070,0.24157518
EID_3755,0.29779506
EID_5459,0.28784105
EID_7697,0.24896029
EID_3935,0.19313699
EID_19046,0.25719023
EID_4040,0.20502454
EID_17730,0.20950258
EID_4995,0.042955756
EID_24653,0.13595182
EID_6978,0.1742585
EID_13775,0.13748354
EID_14608,0.114688605
EID_3148,0.6458165
EID_24868,0.23236135
EID_5521,0.23909652
EID_21155,0.14518309
EID_3840,0.21477863
EID_10646,0.23213392
EID_6711,0.47168702
EID_16247,0.114392966
EID_16789,0.57402116
EID_17967,0.15191814
EID_13270,0.22650439
EID_18462,0.100931615
EID_22248,0.16085356
EID_22693,0.21419647
EID_25662,0.12766367
EID_23346,0.08516535
EID_4437,0.15338033
EID_18108,0.18166709
EID_7000,0.13120139
EID_22770,0.44790623
EID_7816,0.30204314
EID_19615,0.1625922
EID_23807,0.4344859
EID_16764,0.2773824
EID_16818,0.122065246
EID_22712,0.10762164
EID_18198,0.20164323
EID_11154,0.17233688
EID_22137,0.21777725
EID_11655,0.17015323
EID_18514,0.14934868
EID_24742,0.23384398
EID_16019,0.30137342
EID_7357,0.23681206
EID_20106,0.19330955
EID_13284,0.32153308
EID_5451,0.08599362
EID_19728,0.24194887
EID_9178,0.2754802
EID_13177,0.14477277
EID_14300,0.07931128
EID_4379,0.12840366
EID_11285,0.24480379
EID_14882,0.17290482
EID_9969,0.13036951
EID_23643,0.23355246
EID_5935,0.13912675
EID_7741,0.1358839
EID_6176,0.21890903
EID_5418,0.35583025
EID_20626,0.15383342
EID_1725,0.28486454
EID_14317,0.24979922
EID_12120,0.13174158
EID_20264,0.1450145
EID_16691,0.20284417
EID_1093,0.18618295
EID_2565,0.39356184
EID_11463,0.27436894
EID_12005,0.1367966
EID_10326,0.28966093
EID_12582,0.5031868
EID_18228,0.17865762
EID_11670,0.26509762
EID_24257,0.11617923
EID_7024,0.20996448
EID_10382,0.26931268
EID_20210,0.26791406
EID_10294,0.1778909
EID_19941,0.33555314
EID_25572,0.1509262
EID_7758,0.20346323
EID_22718,0.1683436
EID_1078,0.22560254
EID_8227,0.25985038
EID_1702,0.24542636
EID_3532,0.25353616
EID_22452,0.09467292
EID_3019,0.06923059
EID_22264,0.20684022
EID_9866,0.25903612
EID_3520,0.18283376
EID_21098,0.11915681
EID_1186,0.1197457
EID_12355,0.103672415
EID_11020,0.13883758
EID_19193,0.20495576
EID_17787,0.19956723
EID_13719,0.16540065
EID_24449,0.22578946
EID_12957,0.33427453
EID_24794,0.28402275
EID_2866,0.18623775
EID_10563,0.19203696
EID_22492,0.31485105
EID_4106,0.23466754
EID_6648,0.18614268
EID_7209,0.20514551
EID_9692,0.17119333
EID_22763,0.15864533
EID_12622,0.16074264
EID_9831,0.2049672
EID_5731,0.13496158
EID_1114,0.22867563
EID_25017,0.25383815
EID_22956,0.06928757
EID_5549,0.3824372
EID_12022,0.24694562
EID_8034,0.15713817
EID_20644,0.24191186
EID_20125,0.39459455
EID_21957,0.29707837
EID_8870,0.1281412
EID_2305,0.30085468
EID_3977,0.118548065
EID_14845,0.20085433
EID_6629,0.511811
EID_14577,0.18291974
EID_24509,0.07071033
EID_1530,0.18639457
EID_21524,0.26430196
EID_6647,0.20055744
EID_19730,0.22410533
EID_4424,0.13785163
EID_7964,0.124361515
EID_6289,0.2429949
EID_2899,0.1861729
EID_2827,0.25964606
EID_8801,0.059533328
EID_20454,0.23438641
EID_18988,0.19778109
EID_8405,0.16928604
EID_14497,0.22714955
EID_11769,0.34815714
EID_21353,0.22831869
EID_2221,0.16492435
EID_13218,0.21768305
EID_4576,0.20102149
EID_17470,0.17443785
EID_14817,0.1014269
EID_21845,0.22332945
EID_21987,0.19785842
EID_1168,0.25620884
EID_14315,0.25506926
EID_5043,0.35577917
EID_1967,0.1770502
EID_22274,0.14426553
EID_11091,0.10861817
EID_18421,0.1616973
EID_8316,0.13183406
EID_13308,0.38266486
EID_19481,0.09183335
EID_17732,0.19140866
EID_4504,0.10944936
EID_2539,0.22766262
EID_19529,0.21313977
EID_2279,0.1295403
EID_14508,0.18334955
EID_12241,0.22480461
EID_11530,0.22057763
EID_20147,0.14756846
EID_6154,0.135387
EID_3523,0.17245522
EID_20453,0.23541272
EID_11929,0.17546022
EID_12840,0.27150083
EID_22320,0.18159378
EID_25383,0.08218822
EID_10731,0.26969934
EID_1017,0.24572077
EID_1819,0.017263949
EID_22849,0.23725718
EID_12290,0.19641465
EID_24238,0.17525727
EID_3105,0.18820459
EID_14242,0.11454469
EID_16569,0.27384835
EID_8094,0.19970226
EID_7824,0.18880153
EID_8978,0.17468545
EID_25314,0.2647494
EID_17810,0.18461591
EID_14856,0.115879565
EID_22144,0.17048079
EID_23603,0.015274227
EID_7211,0.10715464
EID_19340,0.3065927
EID_1501,0.12761381
EID_22111,0.29295328
EID_16147,0.19530433
EID_16746,0.12472063
EID_20777,0.22119507
EID_12999,0.2444565
EID_21663,0.27773
EID_11862,0.2748287
EID_17683,0.18888971
EID_19819,0.14444241
EID_21562,0.14101061
EID_24390,0.19467491
EID_14444,0.109591186
EID_3261,0.20452607
EID_7752,0.25721902
EID_3033,0.28769672
EID_22433,0.15805316
EID_23727,0.25890976
EID_24107,0.11032164
EID_22537,0.2785319
EID_13645,0.16129035
EID_16021,0.10790312
EID_19800,0.1473366
EID_1944,0.16072744
EID_15868,0.14874029
EID_22188,0.1361351
EID_13833,0.23597097
EID_15028,0.17952764
EID_24861,0.22486863
EID_13033,0.16765195
EID_23673,0.22221696
EID_13265,0.13014331
EID_23411,0.26040494
EID_3761,0.22789878
EID_7299,0.19831505
EID_2379,0.37870383
EID_18863,0.19893569
EID_12115,0.3024587
EID_23879,0.12593907
EID_16586,0.17918414
EID_19003,0.20159405
EID_11107,0.1798639
EID_15416,0.21392313
EID_19214,0.23015517
EID_5135,0.20736325
EID_22464,0.20337799
EID_22759,0.2390194
EID_17833,0.09711617
EID_17627,0.18217301
EID_25730,0.21918315
EID_2377,0.21682096
EID_18085,0.17633408
EID_14096,0.15988132
EID_8384,0.19731027
EID_17105,0.47501823
EID_9929,0.33542213
EID_13267,0.3906235
EID_12954,0.18886775
EID_4464,0.09790963
EID_11464,0.2151919
EID_19308,0.13905478
EID_17530,0.11175266
EID_6981,0.14479685
EID_19951,0.17568704
EID_1100,0.302077
EID_25145,0.101415664
EID_15614,0.12989405
EID_2961,0.18713874
EID_1742,0.022650748
EID_2843,0.36397007
EID_9549,0.19508147
EID_12832,0.29118365
EID_17914,0.14154223
EID_22832,0.1749726
EID_5755,0.16996014
EID_1141,0.1518107
EID_18954,0.2488659
EID_10824,0.053212404
EID_24478,0.21708813
EID_14916,0.19860783
EID_4434,0.24719542
EID_23650,0.25781113
EID_16556,0.2510414
EID_24656,0.1771757
EID_25965,0.1867151
EID_9279,0.09543094
EID_13802,0.120147705
EID_2748,0.16351742
EID_17346,0.29415417
EID_1171,0.26044762
EID_1552,0.24932835
EID_20674,0.19753402
EID_2475,0.12779754
EID_16714,0.17830908
EID_7857,0.19388431
EID_3294,0.121828675
EID_2280,0.051538616
EID_10203,0.10886443
EID_22162,0.1834149
EID_10438,0.25071985
EID_12898,0.21490788
EID_4358,0.1609708
EID_6179,0.23295414
EID_2538,0.048307747
EID_13110,0.1623914
EID_24585,0.21623728
EID_1006,0.34823042
EID_11632,0.26440954
EID_21011,0.23250967
EID_16869,0.28261364
EID_20564,0.29816216
EID_12996,0.17363313
EID_1503,0.22863004
EID_23053,0.20608151
EID_22049,0.19589594
EID_4346,0.1642437
EID_1887,0.16475272
EID_16849,0.15095094
EID_10071,0.23138642
EID_11265,0.22654194
EID_12611,0.21202025
EID_25542,0.1958015
EID_11582,0.16718197
EID_19550,0.16983184
EID_5351,0.10503343
EID_3305,0.23306832
EID_18846,0.1992695
EID_24764,0.25035843
EID_2191,0.18586776
EID_6314,0.15318802
EID_23248,0.113149315
EID_4570,0.2390109
EID_16415,0.23104092
EID_11002,0.16689718
EID_20498,0.14038196
EID_7846,0.22877553
EID_24121,0.26639232
EID_7536,0.06974223
EID_2015,0.25899297
EID_7934,0.22521985
EID_20903,0.08930856
EID_17535,0.16221419
EID_19760,0.11520296
EID_9550,0.18783212
EID_4261,0.11268008
EID_19753,0.17317724
EID_13542,0.33512563
EID_24283,0.12263149
EID_7552,0.15748215
EID_11577,0.17777517
EID_3228,0.2547187
EID_17468,0.12154424
EID_15815,0.1897105
EID_2093,0.057726383
EID_21356,0.23271343
EID_12357,0.19492608
EID_18495,0.083758354
EID_5098,0.2122831
EID_12691,0.30928344
EID_13240,0.23794067
EID_19312,0.25917143
EID_23914,0.1255148
EID_23175,0.29668075
EID_15413,0.21374807
EID_4785,0.09326863
EID_25933,0.22000912
EID_22705,0.1919435
EID_19350,0.27556306
EID_5369,0.20676464
EID_20410,0.18032968
EID_12557,0.3782856
EID_17678,0.37104836
EID_1342,0.1361309
EID_12230,0.5972724
EID_1311,0.1925458
EID_5860,0.1502715
EID_4259,0.17888454
EID_10209,0.22159281
EID_2300,0.13141164
EID_17408,0.1847617
EID_1883,0.18743858
EID_1053,0.61392915
EID_23610,0.0951865
EID_17585,0.21294937
EID_20845,0.124364406
EID_15683,0.25263298
EID_11976,0.2364645
EID_12031,0.21913159
EID_1711,0.18803415
EID_6239,0.20925057
EID_25541,0.15659544
EID_9308,0.37976897
EID_18168,0.1679427
EID_11934,0.18544456
EID_23472,0.29771626
EID_13731,0.08302665
EID_16069,0.15985575
EID_18276,0.22078907
EID_6141,0.22608009
EID_12061,0.100836754
EID_9450,0.31819105
EID_21730,0.12627015
EID_19506,0.22031605
EID_13552,0.09875867
EID_9945,0.19775116
EID_1924,0.106405884
EID_18453,0.15642944
EID_20225,0.29024258
EID_18673,0.21429968
EID_11420,0.37210417
EID_16631,0.25216419
EID_21237,0.18508926
EID_5015,0.14074823
EID_20179,0.37453082
EID_12073,0.37352923
EID_21147,0.117097855
EID_6714,0.19616386
EID_10645,0.14832881
EID_18298,0.17632228
EID_2640,0.08205587
EID_2318,0.24300665
EID_25226,0.19088084
EID_24099,0.2279867
EID_20938,0.3764839
EID_8377,0.1827465
EID_7023,0.26742715
EID_11385,0.20712906
EID_15016,0.12170261
EID_25794,0.22793722
EID_11494,0.20405278
EID_2425,0.14318117
EID_9847,0.2187463
EID_3570,0.20781505
EID_13573,0.1713644
EID_13780,0.21498924
EID_2949,0.1819258
EID_19834,0.23482442
EID_11384,0.14429325
EID_23154,0.13462672
EID_9337,0.116971314
EID_3653,0.091273725
EID_4850,0.06841129
EID_16283,0.1308142
EID_5107,0.32427913
EID_25156,0.14587578
EID_17223,0.2476826
EID_14695,0.15005153
EID_11374,0.16204447
EID_13672,0.19581586
EID_6782,0.3384722
EID_25074,0.17829838
EID_21087,0.19532374
EID_13017,0.25894314
EID_9947,0.30794504
EID_21221,0.17164361
EID_21639,0.09878078
EID_20333,0.16393906
EID_2970,0.18606967
EID_7624,0.20451918
EID_15741,0.10591316
EID_1312,0.16496831
EID_19575,0.15757668
EID_21047,0.29940718
EID_11969,0.19727933
EID_19145,0.14989749
EID_9871,0.20894471
EID_18852,0.13724354
EID_22326,0.14113754
EID_7259,0.30382377
EID_21920,0.31431568
EID_1436,0.13802853
EID_8261,0.109239966
EID_23228,0.2436176
EID_5560,0.1287323
EID_22357,0.089509666
EID_4816,0.21695688
EID_10000,0.28176904
EID_21908,0.18820783
EID_14887,0.26506162
EID_12497,0.12313607
EID_17976,0.21806303
EID_17356,0.19933474
EID_9785,0.18021199
EID_16224,0.22445899
EID_6020,0.26479864
EID_20716,0.42448193
EID_11351,0.27253944
EID_20899,0.18897119
EID_9718,0.11064577
EID_9479,0.17977965
EID_25048,0.27250218
EID_23370,0.059364766
EID_13877,0.23706433
EID_12256,0.112086505
EID_1903,0.19062048
EID_8830,0.13955057
EID_22060,0.03355947
EID_11996,0.15430349
EID_21061,0.017076343
EID_22604,0.15868807
EID_18463,0.19494116
EID_11375,0.19623253
EID_2685,0.14214468
EID_16010,0.17558506
EID_19288,0.32949764
EID_9283,0.84914863
EID_11122,0.13543034
EID_6638,0.18211198
EID_25516,0.091567636
EID_3864,0.27747768
EID_9746,0.14526668
EID_8407,0.20457223
EID_25463,0.26441905
EID_23098,0.16418844
EID_22512,0.20990399
EID_14671,0.22672567
EID_18482,0.16515863
EID_8151,0.312048
EID_16624,0.29576468
EID_1983,0.15069017
EID_18445,0.099523306
EID_11891,0.12576142
EID_2010,0.166623
EID_4592,0.09651175
EID_17412,0.15846437
EID_24883,0.1520989
EID_15661,0.1725995
EID_11757,0.18496954
EID_2627,0.24788901
EID_13243,0.23757562
EID_10917,0.22778761
EID_4360,0.38264978
EID_13536,0.17585576
EID_10695,0.16379142
EID_5746,0.2190134
EID_1178,0.20628077
EID_15290,0.4729997
EID_3540,0.26049155
EID_14684,0.16109267
EID_7914,0.45486465
EID_23733,0.16831473
EID_5907,0.14998686
EID_5142,0.21146488
EID_7686,0.10989311
EID_12078,0.1976127
EID_4880,0.14501259
EID_1527,0.20251924
EID_15919,0.20881656
EID_1260,0.25548813
EID_22377,0.25155163
EID_7876,0.20773077
EID_1213,0.10713661
EID_4161,0.17792991
EID_3214,0.21430904
EID_17651,0.18755594
EID_8005,0.093256295
EID_12852,0.11125681
EID_21465,0.19706327
EID_7371,0.13794404
EID_25687,0.22326851
EID_17222,0.129933
EID_1994,0.40754464
EID_22384,0.1246973
EID_6344,0.26449156
EID_18801,0.038934797
EID_13688,0.11953959
EID_13779,0.17271149
EID_24969,0.16885763
EID_15311,0.30883822
EID_9095,0.2082457
EID_11675,0.10236466
EID_14870,0.23791757
EID_1575,0.22684604
EID_7440,0.20738801
EID_24259,0.2004781
EID_19501,0.24640891
EID_23743,0.15797716
EID_13287,0.17026922
EID_2226,0.16916609
EID_22439,0.15035015
EID_16078,0.1845856
EID_18895,0.13521042
EID_19860,0.22266755
EID_24564,0.13234001
EID_21747,0.34252667
EID_4659,0.032925904
EID_24149,0.18448812
EID_13300,0.13573131
EID_16950,0.14501753
EID_23778,0.18648967
EID_14691,0.14071691
EID_10789,0.17770678
EID_5525,0.30804196
EID_19424,0.20857319
EID_6171,0.12600279
EID_19569,0.03266722
EID_4602,0.20356578
EID_17919,0.3040692
EID_4286,0.12812895
EID_1973,0.12686828
EID_25715,0.22243938
EID_23385,0.17995006
EID_13681,0.13473314
EID_25410,0.2042329
EID_18267,0.114049554
EID_15252,0.15492493
EID_23214,0.32500583
EID_18551,0.2672814
EID_2401,0.27581853
EID_7609,0.42413622
EID_21291,0.26799887
EID_10126,0.30943424
EID_19714,0.24642995
EID_4911,0.2035231
EID_12505,0.14739591
EID_10377,0.21400318
EID_3407,0.36437118
EID_3386,0.27879202
EID_7623,0.26094913
EID_19517,0.23056954
EID_21782,0.3442704
EID_12361,0.095606446
EID_21171,0.16770685
EID_17836,0.28213185
EID_20286,0.2356483
EID_25798,0.17633381
EID_15699,0.22097719
EID_17006,0.3406198
EID_22476,0.102464646
EID_9406,0.13942188
EID_13559,0.13202783
EID_1340,0.10731265
EID_17848,0.25573966
EID_20358,0.12411088
EID_14265,0.15215272
EID_9820,0.17382875
EID_13755,0.30188727
EID_13293,0.09530759
EID_25837,0.18489659
EID_20466,0.10830265
EID_11032,0.14346966
EID_2399,0.14086875
EID_23917,0.20407069
EID_17011,0.1945813
EID_8967,0.08737266
EID_24468,0.22490698
EID_8435,0.20299262
EID_17953,0.25743702
EID_7140,0.17457995
EID_24404,0.12496519
EID_14380,0.36415273
EID_1232,0.22245514
EID_1573,0.12067142
EID_3684,0.22208083
EID_15824,0.2564487
EID_9212,0.12038526
EID_21121,0.29366305
EID_6346,0.1863333
EID_9525,0.17253074
EID_9726,0.16037074
EID_2526,0.22836468
EID_4228,0.2967513
EID_14595,0.284092
EID_15856,0.24472049
EID_6768,0.39312682
EID_23953,0.21713004
EID_19059,0.23174965
EID_5268,0.27252966
EID_7619,0.24921328
EID_23028,0.26949114
EID_22104,0.16299886
EID_10318,0.08577439
EID_25369,0.22309092
EID_16633,0.13286331
EID_15848,0.21754119
EID_2240,0.37926304
EID_1059,0.14062035
EID_9315,0.15896505
EID_15388,0.101421446
EID_9984,0.2042112
EID_4296,0.06978309
EID_10927,0.2254329
EID_25054,0.1806542
EID_1884,0.14387849
EID_21960,0.124531806
EID_5572,0.15092611
EID_16872,0.2533127
EID_24525,0.24799457
EID_14237,0.10133496
EID_7114,0.2779794
EID_7448,0.12811011
EID_17668,0.056132346
EID_7674,0.28330028
EID_5884,0.27855808
EID_13942,0.04832405
EID_13098,0.2981542
EID_7695,0.23855546
EID_5350,0.27191463
EID_22853,0.064035565
EID_2385,0.36354995
EID_18006,0.28183186
EID_12875,0.09470701
EID_5478,0.21536359
EID_18690,0.1864118
EID_12545,0.1168772
EID_13888,0.18042293
EID_9732,0.23291755
EID_18001,0.26205665
EID_17479,0.16853419
EID_23757,0.1023103
EID_1303,0.44972607
EID_5375,0.16555151
EID_5869,0.27684778
EID_8825,0.24161541
EID_22567,0.15865889
EID_16273,0.15186012
EID_20618,0.33125094
EID_3608,0.20269471
EID_8806,0.1328435
EID_23170,0.31573296
EID_12243,0.10552466
EID_20089,0.14570689
EID_16852,0.14800695
EID_18312,0.1408768
EID_14010,0.17894596
EID_14705,0.20635256
EID_20956,0.13163528
EID_18794,0.27900904
EID_1629,0.16747677
EID_25483,0.20926008
EID_4542,0.17422879
EID_10076,0.1864106
EID_9469,0.19039842
EID_25284,0.21574214
EID_11972,0.06550148
EID_1798,0.2838685
EID_21903,0.15671548
EID_20031,0.13523525
EID_20365,0.15088168
EID_9210,0.36346686
EID_19750,0.16141883
EID_4006,0.2527855
EID_24922,0.20447448
EID_4760,0.4157731
EID_11035,0.10742241
EID_21008,0.3339796
EID_23731,0.17181581
EID_21788,0.20382208
EID_5428,0.2261816
EID_14023,0.21046817
EID_2937,0.22714058
EID_16931,0.12233749
EID_18299,0.3684643
EID_6660,0.17049181
EID_23187,0.30397487
EID_14868,0.20023549
EID_23247,0.13058782
EID_15971,0.14213729
EID_7852,0.16689658
EID_7017,0.40737283
EID_7494,0.3252396
EID_18706,0.29822853
EID_22784,0.18335357
EID_10756,0.103494555
EID_6854,0.17690769
EID_12554,0.15822399
EID_1162,0.17356059
EID_19581,0.1403234
EID_2169,0.055022508
EID_25149,0.2852375
EID_22575,0.22259715
EID_2265,0.32742992
EID_19668,0.23173845
EID_19245,0.12025824
EID_8194,0.12247419
EID_8081,0.16754076
EID_8670,0.27242997
EID_7992,0.1705975
EID_6596,0.23519602
EID_3699,0.5386137
EID_9698,0.13386196
EID_1847,0.18714568
EID_16179,0.2385343
EID_23663,0.19671407
EID_24287,0.20402023
EID_3527,0.35541385
EID_18652,0.1165207
EID_24110,0.15798149
EID_21419,0.120627195
EID_12865,0.12698779
EID_9237,0.13517335
EID_20408,0.24477988
EID_22934,0.20126525
EID_6492,0.27433464
EID_20285,0.26806933
EID_1286,0.30603918
EID_12542,0.17806566
EID_5523,0.22103417
EID_1979,0.009205729
EID_23146,0.20011297
EID_4773,0.2390641
EID_8785,0.23090068
EID_4463,0.6877467
EID_24028,0.06887692
EID_20920,0.22396949
EID_21392,0.49931386
EID_4079,0.14294717
EID_5173,0.11999467
EID_22915,0.35615855
EID_18347,0.1923106
EID_7984,0.2675845
EID_25148,0.21744871
EID_4350,0.49632064
EID_6909,0.21289402
EID_10582,0.1898916
EID_6248,0.10569832
EID_10035,0.23312205
EID_24603,0.35515612
EID_1794,0.12765634
EID_9407,0.2708193
EID_2114,0.091810554
EID_21125,0.12878147
EID_15046,0.29305965
EID_8058,0.3821081
EID_1961,0.060791165
EID_23324,0.13963786
EID_21521,0.20267263
EID_11043,0.23516881
EID_6461,0.15087354
EID_10398,0.10886142
EID_20635,0.12994745
EID_22940,0.22288767
EID_8582,0.20039648
EID_12770,0.008137703
EID_15982,0.25980055
EID_19692,0.24631748
EID_18304,0.38056478
EID_13603,0.15214571
EID_6145,0.37091547
EID_16587,0.124277234
EID_16835,0.4465204
EID_8399,0.17785981
EID_7012,0.17482808
EID_20575,0.24204686
EID_20747,0.31313518
EID_3907,0.18995842
EID_22626,0.29448697
EID_4442,0.32219094
EID_18034,0.21852115
EID_16055,0.20956308
EID_21684,0.17464238
EID_17499,0.08347502
EID_1222,0.12932712
EID_17204,0.16578001
EID_22732,0.33408058
EID_8539,0.3202859
EID_23136,0.23994586
EID_24470,0.42614
EID_17404,0.21058133
EID_21498,0.16833103
EID_19495,0.18510368
EID_23966,0.14317125
EID_1388,0.17787978
EID_7374,0.14427659
EID_25441,0.25595158
EID_16616,0.15391701
EID_7654,0.10708451
EID_4217,0.1535798
EID_9968,0.20513204
EID_17830,0.061383754
EID_12023,0.14824703
EID_24002,0.16684645
EID_11371,0.17107323
EID_11096,0.14836726
EID_24835,0.35463792
EID_17439,0.0803633
EID_6587,0.22286826
EID_21946,0.15309578
EID_5431,0.19115147
EID_4723,0.15285614
EID_11535,0.15307772
EID_2330,0.17967108
EID_23531,0.33406293
EID_8913,0.20516941
EID_21273,0.16267848
EID_11927,0.18646914
EID_1385,0.15534988
EID_15758,0.19640031
EID_1023,0.21558225
EID_8959,0.15972695
EID_12911,0.16164565
EID_15925,0.1579437
EID_17769,0.1697807
EID_19842,0.09470555
EID_15875,0.3719587
EID_21284,0.18564528
EID_24825,0.15328652
EID_23825,0.16883889
EID_13001,0.21291053
EID_25601,0.09445262
EID_24670,0.233471
EID_24412,0.16330421
EID_18712,0.22502813
EID_21138,0.2555708
EID_19335,0.14164254
EID_16753,0.15998957
EID_24399,0.115220696
EID_12567,0.1860955
EID_22161,0.24750155
EID_12609,0.18824339
EID_22249,0.06918344
EID_5314,0.16660589
EID_1897,0.24754232
EID_22507,0.24715036
EID_2878,0.20612592
EID_10098,0.27537972
EID_18435,0.38275674
EID_8063,0.12841684
EID_3512,0.103268355
EID_24444,0.27225077
EID_9813,0.39529794
EID_25132,0.22875938
EID_5613,0.3035252
EID_14062,0.0833514
EID_20073,0.11996713
EID_12506,0.11848509
EID_1092,0.6726958
EID_15895,0.0757913
EID_1039,0.21506467
EID_22016,0.26839334
EID_6764,0.21899748
EID_17384,0.25065035
EID_8705,0.17960903
EID_14832,0.38977832
EID_16473,0.1345619
EID_11186,0.14476383
EID_7476,0.09488696
EID_19671,0.11256707
EID_14001,0.10932568
EID_10658,0.31557667
EID_6668,0.14686465
EID_13786,0.09334892
EID_11224,0.045754135
EID_13296,0.3025142
EID_22145,0.18331608
EID_6494,0.34492818
EID_1649,0.17830041
EID_20878,0.41436574
EID_3790,0.33644488
EID_9257,0.25728375
EID_14917,0.11690956
EID_22052,0.2523902
EID_1198,0.17918733
EID_8478,0.29948485
EID_2071,0.32847252
EID_1250,0.18764642
EID_9000,0.15002146
EID_17319,0.3598017
EID_21794,0.12665617
EID_23350,0.24336028
EID_16278,0.21802342
EID_3330,0.14521787
EID_12584,0.30308142
EID_9354,0.33862287
EID_15007,0.32881135
EID_11656,0.09166002
EID_22526,0.09823027
EID_11027,0.15724516
EID_21588,0.19414702
EID_13717,0.21121043
EID_8073,0.2937078
EID_15972,0.17868137
EID_5730,-0.06848192
EID_23968,0.10966456
EID_4299,0.17518789
EID_6302,0.2929718
EID_6974,0.19149217
EID_4829,0.21608126
EID_21139,0.4575763
EID_23456,0.15546247
EID_20110,0.097444415
EID_20342,0.1147607
EID_15238,0.1743859
EID_10349,0.13270983
EID_10077,0.21093872
EID_22330,0.11896053
EID_4368,0.13558194
EID_8859,0.18018988
EID_24277,0.41598782
EID_1061,0.2646197
EID_5597,0.15115559
EID_4820,0.16916272
EID_5863,0.22014657
EID_23680,0.20649964
EID_5542,0.34250402
EID_6203,0.121460915
EID_5355,0.12917164
EID_19669,0.3090849
EID_21725,0.27391425
EID_2138,0.19858879
EID_24278,0.18639174
EID_6591,0.3084944
EID_21056,0.10946277
EID_18759,0.15941525
EID_12059,0.15711227
EID_11077,0.24431866
EID_17216,0.37651467
EID_15655,0.17811078
EID_19017,0.07893056
EID_17846,0.11788672
EID_6418,0.21562627
EID_25942,0.13459581
EID_5420,0.27597135
EID_11764,0.2500939
EID_16483,0.25570697
EID_1901,0.17310014
EID_21480,0.18912914
EID_8006,0.19047645
EID_1282,0.22234976
EID_6895,0.19711441
EID_13677,0.3120633
EID_6071,0.18276319
EID_14425,0.16229555
EID_22685,0.030210257
EID_20203,0.09799987
EID_19161,0.26339442
EID_1947,0.09429416
EID_16574,0.42866698
EID_2561,0.21296224
EID_20668,0.1782642
EID_7831,0.20174864
EID_8769,0.15528727
EID_25191,0.22760975
EID_15590,0.23945823
EID_12458,0.14278606
EID_11406,0.1438964
EID_17629,0.20853963
EID_4632,0.45117402
EID_18455,0.25971103
EID_23077,0.30779132
EID_25024,0.09094766
EID_6269,0.18775314
EID_12100,0.11354816
EID_23190,0.29428008
EID_9030,0.11368969
EID_12359,0.103633374
EID_12041,0.08919123
EID_2019,0.2561544
EID_22974,0.14360064
EID_10351,0.14811257
EID_23630,0.1883947
EID_7309,0.2380169
EID_19821,0.27211475
EID_4033,0.15587255
EID_3435,0.17155513
EID_5759,0.16508389
EID_12826,0.26059884
EID_8148,0.20581234
EID_16088,0.21634522
EID_15783,0.27596402
EID_19521,0.25470194
EID_13016,0.14575791
EID_13708,0.23664984
EID_4237,0.21437907
EID_3620,0.34581196
EID_10042,0.2211985
EID_8833,0.21671885
EID_21028,0.16929668
EID_3485,0.14945188
EID_23372,0.14793137
EID_19410,0.17907923
EID_6598,0.1511102
EID_25371,0.37233126
EID_19483,0.16888604
EID_22826,0.16992265
EID_23606,0.14699185
EID_9346,0.12409422
EID_1608,0.1527133
EID_1603,0.31916022
EID_23041,0.31928408
EID_7801,0.14941001
EID_22456,0.070070565
EID_24428,0.23852858
EID_10811,0.2272349
EID_24566,0.14749733
EID_2531,0.23345003
EID_10878,0.1817244
EID_19548,0.28403077
EID_11988,0.14162678
EID_11378,0.15302917
EID_9896,0.21816343
EID_17323,0.34023875
EID_24976,0.24813351
EID_11249,0.49026433
EID_20395,0.23762804
EID_18262,-0.0027258992
EID_14670,0.1731961
EID_12880,0.17434219
EID_1406,0.20362058
EID_23014,0.27075785
EID_5224,0.09708509
EID_3232,0.22906438
EID_22327,0.41560683
EID_2285,0.12041393
EID_20468,0.24420032
EID_4443,0.07890877
EID_15641,0.15352014
EID_8106,0.35884714
EID_13958,0.18752939
EID_10214,0.14092204
EID_17739,0.13715017
EID_13347,0.20936996
EID_23453,0.17143452
EID_1477,0.5576147
EID_20224,0.08177492
EID_2362,0.24768654
EID_21421,0.14585489
EID_7860,0.1834521
EID_10286,0.2912687
EID_7184,0.24348417
EID_21742,0.20305637
EID_21610,0.09176499
EID_19375,0.2398985
EID_18564,0.3400352
EID_19108,0.14850569
EID_17928,0.0756582
EID_25613,0.15115029
EID_23787,0.12861314
EID_2392,0.2838078
EID_7574,0.363654
EID_9810,0.23868006
EID_14332,0.21317881
EID_20937,0.27946743
EID_7827,0.12976342
EID_7457,0.16055873
EID_11152,0.25166065
EID_12917,0.16373724
EID_18590,0.2516982
EID_15327,0.21996203
EID_11687,0.1370275
EID_5179,0.11558244
EID_5623,0.20982444
EID_25331,0.1767706
EID_24386,0.04657626
EID_6507,0.1686418
EID_7842,0.20263433
EID_12018,0.12691551
EID_6640,0.21517095
EID_9872,0.24084121
EID_2331,0.19239101
EID_19685,0.20914549
EID_25701,0.12314275
EID_25681,0.22887748
EID_20151,0.32417864
EID_8980,0.25895613
EID_12719,0.1759677
EID_20075,0.16812378
EID_14984,0.16653237
EID_8177,0.13945583
EID_1360,0.2030142
EID_24812,0.1782718
EID_8480,0.18137535
EID_14567,0.24947342
EID_16194,0.2694224
EID_10020,0.3548423
EID_7321,0.09314579
EID_15387,0.21008372
EID_19419,0.16330755
EID_20496,0.20502025
EID_1308,0.16546232
EID_14770,0.09603962
EID_21893,0.06895292
EID_10990,0.10333666
EID_17521,0.3967567
EID_15274,0.30883968
EID_24001,0.22080755
EID_4111,0.14228421
EID_4284,0.12128848
EID_19682,0.11405507
EID_14871,0.21717644
EID_18152,0.14795181
EID_12520,0.11324236
EID_4739,0.089684516
EID_8424,0.09133783
EID_23600,0.21282786
EID_25891,0.17657036
EID_11618,0.17976868
EID_12674,0.15239608
EID_5999,0.29657108
EID_18063,0.09022215
EID_14859,0.12140274
EID_20353,0.30055565
EID_22962,0.24173284
EID_19650,0.19084531
EID_6108,0.09227526
EID_19012,0.14109892
EID_22925,0.2662897
EID_15619,0.1311805
EID_19998,0.16626579
EID_20052,0.15536836
EID_25044,0.20218697
EID_5422,0.19182298
EID_15354,0.27920917
EID_3804,0.20825261
EID_23277,0.29971212
EID_12336,0.16148734
EID_24839,0.16537523
EID_1651,0.2572392
EID_24355,0.14905187
EID_24276,0.102354705
EID_10346,0.14328504
EID_9579,0.10500756
EID_23242,0.13060641
EID_23541,0.31771857
EID_14741,-0.021336019
EID_7783,0.25676525
EID_12569,0.15829566
EID_3834,0.10729337
EID_6799,0.23290586
EID_15609,0.052025944
EID_5496,0.10415068
EID_5080,0.3359301
EID_14834,0.21615031
EID_18266,0.23830691
EID_1182,0.15018111
EID_6445,0.11068711
EID_18656,0.2502823
EID_24011,0.14676657
EID_25093,0.103526235
EID_11334,0.28011993
EID_15785,0.102249056
EID_8060,0.43768468
EID_4349,0.06901151
EID_22525,0.1226027
EID_1231,0.24230814
EID_2127,0.21056795
EID_4047,0.13381326
EID_12989,0.18211341
EID_17726,0.16558549
EID_1602,0.4160949
EID_5945,0.110242575
EID_15166,0.23826158
EID_25317,0.3572881
EID_18848,0.11752617
EID_14455,0.21568236
EID_9724,0.2101905
EID_22697,0.09649098
EID_16505,0.21710122
EID_11616,0.17615542
EID_10352,0.19395387
EID_24093,0.28987873
EID_11826,0.23451227
EID_24211,0.23238137
EID_14709,0.21596214
EID_18747,0.11119205
EID_16077,0.12686527
EID_15440,0.18648359
EID_4935,0.24924523
EID_13791,0.15974766
EID_16876,0.117960155
EID_1335,0.12295446
EID_19086,0.23549065
EID_12872,0.13826713
EID_11623,0.18272942
EID_7807,0.20633647
EID_9605,0.19107196
EID_12736,0.19632608
EID_20565,0.13180724
EID_17225,0.20016947
EID_19974,0.18305194
EID_16045,0.12270552
EID_2082,0.271101
EID_22219,0.08618155
EID_19439,0.112008125
EID_2979,0.24107936
EID_24414,0.122387886
EID_15148,0.15533394
EID_10690,0.28606117
EID_16346,0.21459696
EID_22752,0.20128337
EID_21746,0.22687384
EID_1705,0.16039196
EID_7498,0.21003872
EID_6874,0.23456326
EID_4543,0.13439882
EID_8931,0.10977909
EID_16435,0.31177217
EID_16767,0.17253992
EID_3058,0.22081295
EID_16381,0.24887145
EID_17190,0.33884335
EID_7079,0.2004301
EID_10191,0.3352173
EID_1378,0.013315141
EID_20222,0.1872814
EID_6156,0.09858057
EID_5975,0.401658
EID_18682,0.21420467
EID_8837,0.016865581
EID_24686,0.2506951
EID_9869,0.30056083
EID_14673,0.25334537
EID_14443,0.16132846
EID_21591,0.18904686
EID_25240,0.03148976
EID_18365,0.15888733
EID_9260,0.34942073
EID_10696,0.26287556
EID_18012,0.27280372
EID_17421,0.2115232
EID_23615,0.39493752
EID_14132,0.22473323
EID_13168,0.06890553
EID_16973,0.13023055
EID_13426,0.26674756
EID_1493,0.13048619
EID_3994,0.16547361
EID_10574,0.2821684
EID_12394,0.09585869
EID_4781,0.31218493
EID_24911,0.09772131
EID_3205,0.22228914
EID_25568,0.036428392
EID_4343,0.14921334
EID_4330,0.20900315
EID_12518,0.2827083
EID_18426,0.14914161
EID_3862,0.20369595
EID_13478,0.23408413
EID_5607,0.20567885
EID_22353,0.088202626
EID_18346,0.15080142
EID_5978,0.17532775
EID_3391,0.13528624
EID_8525,0.42954984
EID_5245,0.121926695
EID_11791,0.11793694
EID_22913,0.25262004
EID_15587,0.17641437
EID_4851,0.24942139
EID_3432,0.08655596
EID_13090,0.21061271
EID_15117,0.31514496
EID_22004,0.17280984
EID_16053,0.2250908
EID_16458,0.14782524
EID_8021,0.2514253
EID_24385,0.1948339
EID_7053,0.22965407
EID_13544,0.15314719
EID_9014,0.16876045
EID_9246,0.14045838
EID_15642,0.19312525
EID_12295,0.26006168
EID_7925,0.21239051
EID_18473,0.15874225
EID_19427,0.16290963
EID_17027,0.0830698
EID_22093,0.21349475
EID_25611,0.20768172
EID_20490,0.05198902
EID_4204,0.22171432
EID_2604,0.38761973
EID_16152,0.43096453
EID_8563,0.21655536
EID_18620,0.17318746
EID_11012,0.11192894
EID_19598,0.23563364
EID_13159,0.24319202
EID_13171,0.1156055
EID_8374,0.42567363
EID_9838,0.2903083
EID_18489,0.18094915
EID_17451,0.1629577
EID_7269,0.24851188
EID_20548,0.15232301
EID_9466,0.1815606
EID_16085,0.15415639
EID_24082,0.32492962
EID_5078,0.1981394
EID_23951,0.11891797
EID_8327,0.25871575
EID_5904,0.2610733
EID_11085,0.2050815
EID_21437,0.11481783
EID_7471,0.18227908
EID_12046,0.17118746
EID_18653,0.14701003
EID_14175,0.22688246
EID_5514,0.24373189
EID_20148,0.29284227
EID_14260,0.18420401
EID_15574,0.19247815
EID_7287,0.33989745
EID_18889,0.17702097
EID_13106,0.18740946
EID_15448,0.1410375
EID_25897,0.18227866
EID_23758,0.23276061
EID_23208,0.19555044
EID_13646,0.2522056
EID_5467,0.13629368
EID_6022,0.17215687
EID_10923,0.20561644
EID_10408,0.28184372
EID_4186,0.21594945
EID_22022,0.13846058
EID_16390,0.21898791
EID_19493,0.09359169
EID_12519,0.21234688
EID_23549,0.30509627
EID_17612,0.28631455
EID_25007,0.33014774
EID_1949,0.43160152
EID_23313,0.27069646
EID_22516,0.19951046
EID_21836,0.22079635
EID_7268,0.18171307
EID_8202,0.17034277
EID_6613,0.24534595
EID_2596,0.27671194
EID_19849,0.22320071
EID_11546,0.2516207
EID_3942,0.13454074
EID_7899,0.2129251
EID_4802,0.12867576
EID_6725,0.07598615
EID_3835,0.30784416
EID_9511,0.15025654
EID_5757,0.25740838
EID_24838,0.23330778
EID_15225,0.17079979
EID_8238,0.11352566
EID_2826,0.19099876
EID_20774,0.15727326
EID_19311,0.24188069
EID_12339,0.16099808
EID_1583,0.2938831
EID_1033,0.09744969
EID_10764,0.113802075
EID_17203,0.54595363
EID_1345,0.12269989
EID_4951,0.12837732
EID_16956,0.24144751
EID_9203,0.35287422
EID_7021,0.2269575
EID_8707,0.120578706
EID_5209,0.17961866
EID_20428,0.37197146
EID_10913,0.25892043
EID_11507,0.17272598
EID_3693,0.13663465
EID_22857,0.13121012
EID_18744,0.2102159
EID_19600,0.024748474
EID_21336,0.1456973
EID_17676,0.1983079
EID_1678,0.24732396
EID_4889,0.17312527
EID_9961,0.2208291
EID_23386,0.22953051
EID_19835,0.2075623
EID_9519,0.18144417
EID_5449,0.19083947
EID_20640,0.17058748
EID_16387,0.13659295
EID_20293,0.15693903
EID_2296,0.19648197
EID_11827,0.12524134
EID_21522,0.2173174
EID_2767,0.08383846
EID_2873,0.19825748
EID_2603,0.14266634
EID_2674,0.14230764
EID_23682,0.23840299
EID_13310,0.22705707
EID_6523,0.24969384
EID_13056,0.1671409
EID_7244,0.028084457
EID_1072,0.3675577
EID_25833,0.052852005
EID_11244,0.16823208
EID_22918,0.15858802
EID_16735,0.4389842
EID_4201,0.14330569
EID_5998,0.23835447
EID_19254,0.11029792
EID_16653,0.3075664
EID_11729,0.17635944
EID_19573,0.18291777
EID_21463,0.24176416
EID_5899,0.2943051
EID_23613,0.1724424
EID_8609,0.2234959
EID_2660,0.09571162
EID_1333,0.26863837
EID_3212,0.24593127
EID_7830,0.28154624
EID_4372,0.16739112
EID_15955,0.20511198
EID_22059,0.21933305
EID_22804,0.18811125
EID_4700,0.23846623
EID_14401,0.1970298
EID_19971,0.1512753
EID_10684,0.055647194
EID_21512,0.0012018979
EID_16722,0.110017926
EID_16012,0.13449809
EID_19093,0.22294399
EID_25636,0.24328944
EID_10567,0.21970388
EID_11601,0.39470646
EID_25697,0.1312482
EID_22131,0.21300355
EID_8511,0.10453269
EID_18114,0.26943684
EID_12784,0.24569607
EID_12820,0.209988
EID_4512,0.24919385
EID_5837,0.1875242
EID_12564,0.16728923
EID_16737,0.106723994
EID_25986,0.19668087
EID_8729,0.13124076
EID_4386,0.06103599
EID_5223,0.15672675
EID_1494,0.26210988
EID_22699,0.22425368
EID_1083,0.14737248
EID_1329,0.2142596
EID_3550,0.18977013
EID_18845,0.5123322
EID_17946,0.22137901
EID_1712,0.08444518
EID_12024,0.13693136
EID_2974,0.20195583
EID_12806,0.14598772
EID_10396,0.20839503
EID_3998,0.10776138
EID_22451,0.15511942
EID_12242,0.12146434
EID_18599,0.29523933
EID_9423,0.16229483
EID_25347,0.13874099
EID_20183,0.16943848
EID_18079,0.34174395
EID_10059,0.25659025
EID_1322,0.20206428
EID_18109,0.23732242
EID_7325,0.10345706
EID_6000,0.3364038
EID_10760,0.1388084
EID_24380,0.2557621
EID_7070,0.34254315
EID_2796,0.22935617
EID_18860,0.13405123
EID_13597,0.27166617
EID_6858,0.19569355
EID_14987,0.17367408
EID_8902,0.2948895
EID_9453,0.22125253
EID_20605,0.11946368
EID_16020,0.3373465
EID_6335,0.17724252
EID_1317,0.1363771
EID_5575,0.26838022
EID_17433,0.21084413
EID_6238,0.22079414
EID_10734,0.3087588
EID_7661,0.24414441
EID_9281,0.11612514
EID_19259,0.28973112
EID_9544,0.15033641
EID_2572,0.16982904
EID_12706,0.25187138
EID_20500,0.15820518
EID_19258,0.25845605
EID_15915,0.2246137
EID_25265,0.20625079
EID_16567,0.22452193
EID_19553,0.15631208
EID_25403,0.15229148
EID_10354,0.20219967
EID_19522,0.08522642
EID_20132,0.24902773
EID_3363,0.19232866
EID_15253,0.18885541
EID_8368,0.23504525
EID_3883,0.19711351
EID_7323,0.2654713
EID_16203,0.28096443
EID_9080,0.17766112
EID_12266,0.2763111
EID_13777,0.14228624
EID_24876,0.16562444
EID_11961,0.33572525
EID_25871,0.1416134
EID_3563,0.33089048
EID_3377,0.24272653
EID_19924,0.1539084
EID_4070,0.1126771
EID_7727,0.18867725
EID_2253,0.19708923
EID_5056,0.19029406
EID_16751,0.1144757
EID_2105,0.1924639
EID_14078,0.1137065
EID_18779,0.15939656
EID_2218,0.1432634
EID_6130,0.1772592
EID_21722,0.16822031
EID_17748,0.070132524
EID_21322,0.2180672
EID_6016,0.11896345
EID_20480,0.14759961
EID_18843,0.24351218
EID_7336,0.22139692
EID_4455,0.16873175
EID_15206,0.4069641
EID_15582,0.12211937
EID_22381,0.095826805
EID_22606,0.554936
EID_12159,0.20742613
EID_10027,0.2044279
EID_4107,0.4540294
EID_18932,0.22631523
EID_1321,0.20593572
EID_7759,0.1445868
EID_21961,0.10714617
EID_15289,0.1439696
EID_23069,0.21934697
EID_17187,0.19958815
EID_25372,0.17583302
EID_9787,0.1343989
EID_9797,0.2137284
EID_10831,0.21572527
EID_24620,0.23056018
EID_8715,0.36965516
EID_13459,0.14240381
EID_14031,0.27001566
EID_14541,0.26334304
EID_12395,0.15836507
EID_7150,0.27209002
EID_14422,0.23172691
EID_19060,0.0077937543
EID_9338,0.18264642
EID_21042,0.23894176
EID_8011,0.2245636
EID_8102,0.17534131
EID_11068,0.13729787
EID_15461,0.20222825
EID_18509,0.25503922
EID_5796,0.1964145
EID_19905,0.18973467
EID_21609,0.08650684
EID_14873,0.32279193
EID_8033,0.19362476
EID_21354,0.444109
EID_16377,0.26633024
EID_10566,0.24625596
EID_4791,0.2679121
EID_20944,0.20205194
EID_24913,0.11781013
EID_3868,0.13098612
EID_10611,0.28276843
EID_21702,0.22992209
EID_9472,0.08273846
EID_10746,0.18142629
EID_17717,0.20655221
EID_18535,0.35922566
EID_23706,0.1258725
EID_7039,0.13326406
EID_23797,0.09976134
EID_1574,0.14967719
EID_5931,0.2033718
EID_6468,0.22660995
EID_15805,0.28237802
EID_2988,0.31829995
EID_21966,0.2812271
EID_16571,0.0969553
EID_10082,0.15855792
EID_8359,0.18051767
EID_3200,0.26514325
EID_2206,0.47990853
EID_14234,0.16268444
EID_12498,0.1473304
EID_12009,0.21819803
EID_12486,0.2664624
EID_2679,0.107010424
EID_25329,0.15214923
EID_18268,0.26279086
EID_18253,0.21729884
EID_11915,0.18720439
EID_2503,0.3675888
EID_22110,0.068301976
EID_9344,0.43174335
EID_17568,0.12556791
EID_1445,0.15660861
EID_12971,0.2916386
EID_14129,0.20656672
EID_22888,0.23180199
EID_17510,0.10221037
EID_11722,0.15578422
EID_18542,0.15472257
EID_13158,0.10393518
EID_2810,0.23882738
EID_16559,0.093291014
EID_1124,0.41738114
EID_2137,0.05622083
EID_13145,0.18156624
EID_14181,0.24382418
EID_24695,0.21895704
EID_21367,0.19186896
EID_13213,0.22318298
EID_15852,0.22205251
EID_9531,0.5919719
EID_6197,0.08972606
EID_20012,0.18906996
EID_10381,0.26016718
EID_9136,0.021183878
EID_12063,0.288922
EID_22318,0.15297064
EID_24047,0.366273
EID_5834,0.099098
EID_4763,0.13830999
EID_24096,0.1445458
EID_13825,0.14990366
EID_14326,0.1359201
EID_10111,0.016443253
EID_23362,0.18761966
EID_8682,0.31617492
EID_18727,0.16414985
EID_20725,0.18578205
EID_15976,0.13909924
EID_17626,0.28026354
EID_13302,0.2854073
EID_11333,0.1923129
EID_12305,0.11461604
EID_4987,0.09887862
EID_12132,0.20522794
EID_14163,0.26650637
EID_15666,0.16287881
EID_19257,0.122862935
EID_1591,0.16658926
EID_5610,0.24415907
EID_4835,0.3040476
EID_5060,0.28988189
EID_15897,0.21122769
EID_9771,0.19218975
EID_11486,0.1072914
EID_14583,0.13702309
EID_17832,0.15163311
EID_6876,0.215792
EID_18560,0.30233902
EID_1091,0.20082474
EID_3837,0.2012389
EID_8508,0.2234829
EID_23640,0.29963365
EID_13280,0.2473264
EID_3352,0.19706175
EID_13404,0.11167866
EID_23565,0.12444347
EID_24526,0.2977044
EID_9254,0.12970203
EID_8916,0.1746732
EID_15227,0.2309131
EID_11672,0.27991712
EID_8926,0.14441788
EID_25125,0.2215355
EID_3170,0.23097846
EID_24612,0.28115642
EID_23932,0.28673184
EID_11554,0.09646851
EID_19854,0.16052371
EID_16362,0.19517094
EID_13195,0.2231322
EID_25559,0.36655185
EID_18526,0.17486188
EID_23226,0.23725611
EID_5873,0.2519228
EID_11286,0.1877327
EID_7573,0.110625684
EID_11669,0.12201625
EID_12639,0.21193847
EID_12309,0.18329653
EID_17566,0.21634871
EID_3644,0.22343808
EID_9921,0.1846846
EID_14703,0.10575536
EID_19366,0.26364464
EID_12449,0.30276108
EID_24591,0.11715758
EID_4698,0.17613742
EID_17657,0.15879944
EID_24446,0.18348265
EID_18528,0.2162371
EID_8868,0.15788749
EID_5820,0.15478182
EID_24215,0.13011551
EID_19176,0.17176619
EID_6578,0.12552837
EID_9672,0.09796053
EID_10702,0.16837573
EID_4741,0.5535181
EID_24067,0.2883179
EID_2416,0.030883342
EID_12089,0.14157987
EID_8392,0.13439748
EID_16766,0.18903944
EID_23137,0.3080855
EID_24704,0.17008594
EID_13184,0.20868528
EID_21642,0.17067319
EID_8050,0.20006019
EID_20432,0.1898894
EID_14456,0.12749547
EID_7769,0.28106564
EID_14077,0.26767987
EID_17805,0.16845548
EID_14927,0.2575724
EID_7995,0.27766174
EID_2297,0.16864672
EID_7960,0.091612786
EID_9481,0.06962335
EID_2781,0.16684023
EID_25571,0.15575069
EID_12462,0.2746699
EID_17761,0.21409872
EID_22310,0.21346748
EID_15161,0.20747012
EID_3361,0.08729851
EID_2166,0.19939262
EID_1515,0.79878557
EID_13787,0.13342622
EID_23496,0.2377387
EID_7820,0.28490534
EID_14433,0.24458143
EID_9405,0.21370515
EID_4195,0.28187388
EID_24190,0.09647372
EID_20400,0.20365971
EID_16111,0.12994355
EID_5502,0.26280242
EID_17381,0.2055791
EID_22435,0.1428481
EID_3060,0.3848577
EID_19197,0.16184494
EID_13311,0.16786042
EID_14282,0.25901988
EID_5849,0.16962391
EID_19845,0.16153052
EID_6965,0.23435616
EID_5048,0.22770175
EID_13766,0.13529032
EID_22269,0.10126752
EID_4363,0.18876433
EID_12215,0.21388018
EID_14479,0.13818231
EID_7348,0.06776926
EID_25664,0.36488718
EID_4940,0.14008546
EID_6877,0.3313865
EID_8337,0.14985839
EID_1775,0.20169052
EID_13938,0.21479547
EID_12735,0.08055973
EID_16138,0.15815195
EID_18586,0.15813082
EID_16650,0.12319696
EID_18259,0.13038033
EID_19144,0.09746423
EID_4483,0.18915474
EID_10929,0.17152172
EID_19882,0.2689404
EID_3779,0.37422544
EID_18678,0.14433882
EID_7168,0.22272694
EID_23279,-0.11338127
EID_17008,0.21169823
EID_2795,0.21476766
EID_1833,0.09876868
EID_21026,0.23160276
EID_20322,0.26934996
EID_10026,0.17148194
EID_7742,0.17088965
EID_21792,0.2512352
EID_14341,0.2769463
EID_24634,0.3014061
EID_3379,0.22243223
EID_20627,0.37810302
EID_8572,0.18880376
EID_15104,0.16465244
EID_12426,0.25613427
EID_17588,0.16088724
EID_20961,0.11092302
EID_23260,0.30929106
EID_7213,0.22622982
EID_11851,0.1131354
EID_5696,0.25378725
EID_23011,0.17635846
EID_2035,0.25515378
EID_22461,0.15220505
EID_23215,0.3611627
EID_6913,0.09850359
EID_5739,0.101697
EID_19814,0.3074792
EID_20320,0.11532402
EID_2043,0.14997423
EID_21992,0.21228781
EID_9324,0.21581036
EID_3863,0.24303785
EID_7513,0.21945444
EID_11120,0.2596627
EID_6548,0.16982707
EID_23957,0.20671561
EID_11408,0.107214004
EID_24638,0.19926104
EID_3908,0.28397647
EID_17023,0.21156907
EID_10902,0.22263673
EID_3543,0.20252416
EID_3633,0.14684397
EID_3394,0.15359974
EID_8619,0.25848758
EID_13424,0.34000254
EID_15405,0.11181304
EID_21727,0.19786894
EID_18916,0.15646121
EID_3335,0.2733667
EID_2811,0.2201857
EID_8620,0.19784564
EID_3249,0.13762155
EID_22140,0.21102914
EID_18934,0.3089949
EID_24271,0.16880941
EID_2164,0.26391244
EID_22961,0.16826183
EID_25318,0.17550868
EID_23064,0.19368213
EID_1056,0.22855735
EID_4389,0.14997163
EID_6949,0.10668814
EID_16133,0.21438211
EID_8023,0.21982414
EID_19426,0.12104884
EID_12895,0.22237411
EID_17667,0.29052728
EID_14826,0.2727988
EID_8807,0.09863165
EID_13977,0.10516712
EID_11167,0.19778079
EID_22535,0.4175858
EID_5357,0.26022065
EID_1450,0.15953541
EID_24647,0.30985737
EID_1516,0.443875
EID_10122,0.12388453
EID_2423,0.25049827
EID_4276,0.17083406
EID_10610,0.21759012
EID_5840,0.14394319
EID_19117,0.36031687
EID_1753,0.27007997
EID_11679,0.21164435
EID_12425,0.17051902
EID_21118,0.14100346
EID_1348,0.14800444
EID_3143,0.30184954
EID_12153,0.10263255
EID_22834,0.3257556
EID_14978,0.2610864
EID_23361,0.17797452
EID_5207,0.04716903
EID_8395,0.41292715
EID_2440,0.07103601
EID_14196,0.18507454
EID_16684,0.31004974
EID_22520,0.17829916
EID_14689,0.2021183
EID_22890,0.026179045
EID_18695,0.25125346
EID_1275,0.14176598
EID_6033,0.2953211
EID_25616,0.09644297
EID_6190,0.24546126
EID_2964,0.16906545
EID_24869,0.149703
EID_3319,0.16400814
EID_15857,0.33168635
EID_4615,0.19174951
EID_23926,0.17996976
EID_15506,0.085856736
EID_4168,0.30551124
EID_23593,0.38822776
EID_3108,0.19921675
EID_22846,0.4007401
EID_12618,0.10022405
EID_20341,0.14793
EID_15441,0.289455
EID_20278,0.15675932
EID_19511,0.10157871
EID_7832,0.14316955
EID_7775,0.35901046
EID_9409,0.20380312
EID_11483,0.11582744
EID_6657,0.3549639
EID_10338,0.03929591
EID_7683,0.11236617
EID_11854,0.17797285
EID_17102,0.108825594
EID_9882,0.28479227
EID_19326,0.6011428
EID_1670,0.18953153
EID_17455,0.15244907
EID_24867,0.174573
EID_22972,0.14683741
EID_4679,0.08964157
EID_7172,0.2755024
EID_7401,0.14633879
EID_13199,0.17053735
EID_12244,0.18669906
EID_12771,0.124658704
EID_7230,0.20918709
EID_19736,0.20503202
EID_2755,0.26824012
EID_19126,0.1451067
EID_20949,0.22920865
EID_4573,0.1615754
EID_23671,0.10468134
EID_11580,0.19296387
EID_15600,0.13015848
EID_17577,0.10375553
EID_6773,0.14539945
EID_9565,0.25630897
EID_13401,0.302549
EID_17438,0.24842146
EID_7604,0.24601623
EID_1215,0.28217894
EID_24765,0.16034055
EID_2084,0.13992307
EID_17898,0.31692114
EID_9752,0.1637561
EID_19867,0.46156502
EID_5430,0.13524768
EID_22617,0.1417444
EID_23590,0.49617872
EID_11131,0.11230314
EID_1623,0.06705114
EID_25390,0.26534796
EID_23316,0.16618663
EID_11595,0.20667914
EID_10827,0.41933775
EID_14787,0.24782592
EID_18290,0.20319873
EID_17889,0.18837544
EID_7936,0.19339854
EID_12044,0.16887307
EID_8205,0.19824278
EID_22950,0.28168222
EID_4965,0.21182314
EID_24073,0.31126863
EID_4946,0.1960867
EID_14618,0.13230166
EID_17692,0.5098486
EID_23220,0.4385465
EID_24364,0.08900693
EID_20216,0.16793168
EID_24865,0.18617588
EID_11009,0.16725671
EID_6889,0.08347562
EID_10375,0.49536243
EID_11917,0.33857158
EID_25323,0.25229385
EID_21841,0.23146927
EID_25278,0.21267864
EID_17857,0.21548319
EID_2991,0.20729747
EID_23822,0.20475417
EID_12098,0.1642274
EID_14665,0.21455216
EID_25373,0.22981957
EID_22143,0.09051564
EID_4000,0.24227905
EID_2951,0.12598577
EID_8610,0.15542409
EID_6998,0.15727177
EID_21972,0.2363503
EID_3582,0.21249688
EID_18220,0.20599964
EID_12381,-0.044307113
EID_15689,0.2135965
EID_12239,0.25646263
EID_3987,0.15689409
EID_20164,0.19152457
EID_1654,0.23047936
EID_25583,0.14458379
EID_22736,0.29004765
EID_22169,0.13881806
EID_9495,0.257349
EID_2465,0.38304457
EID_1659,0.2909761
EID_4509,0.28863764
EID_15264,0.18616575
EID_9494,0.061627716
EID_23657,0.16150963
EID_10376,0.19006848
EID_25277,0.19758093
EID_15121,0.114378124
EID_14760,0.19922835
EID_9160,0.20335656
EID_18574,0.15180328
EID_2977,0.14269924
EID_4745,0.18688488
EID_6762,0.32642204
EID_2682,0.17146552
EID_19172,0.57107496
EID_1013,0.21387258
EID_1242,0.51732844
EID_10336,0.2162396
EID_11247,0.35295525
EID_4631,0.20310664
EID_21660,0.05959928
EID_6752,0.18750143
EID_14409,0.10469955
EID_21720,0.4594954
EID_14495,0.3533463
EID_15348,0.24351609
EID_9610,0.064840525
EID_10629,0.26659107
EID_10182,0.3238228
EID_10598,0.19607195
EID_11065,0.30892575
EID_16129,0.43440676
EID_15572,0.231491
EID_21059,0.22697014
EID_7812,0.18892029
EID_15162,0.13058367
EID_6911,0.24723983
EID_17591,0.3893988
EID_22638,0.17565987
EID_3217,0.1330865
EID_10116,0.18748036
EID_23199,0.19291246
EID_18844,0.33256388
EID_19931,0.21499732
EID_22215,0.08133289
EID_14623,0.15110171
EID_7884,0.1014874
EID_3197,0.2759949
EID_11291,0.110381484
EID_3320,0.45445266
EID_12585,0.20455328
EID_13592,0.21715394
EID_11264,0.28087908
EID_6997,0.08256099
EID_2327,0.33667478
EID_9340,0.19421715
EID_14544,0.20009863
EID_13055,0.22155136
EID_14014,0.2750243
EID_7429,0.12173298
EID_19008,0.12759677
EID_14283,0.21517178
EID_10882,0.35832244
EID_5194,0.11757684
EID_23844,0.37299922
EID_22628,0.1623525
EID_10033,0.25595576
EID_13281,0.2656542
EID_23871,0.16778502
EID_3621,0.12774819
EID_12968,0.13545096
EID_5819,0.18145329
EID_6694,0.19790837
EID_17656,0.16532204
EID_8888,0.35379124
EID_14552,0.068498164
EID_15342,0.45531505
EID_7728,0.17886707
EID_10331,0.21068767
EID_5479,0.3523152
EID_25526,0.2760549
EID_12348,0.11763042
EID_6196,0.13866743
EID_3619,0.3062543
EID_11280,0.2116774
EID_18119,0.15039724
EID_18058,0.21207395
EID_20911,0.2193872
EID_19840,0.40763962
EID_11808,0.25286126
EID_16265,0.20919317
EID_25976,0.08882639
EID_3872,0.45968246
EID_23029,0.20454797
EID_11745,0.12701917
EID_9556,0.23629668
EID_19748,0.43287477
EID_23253,0.48087898
EID_16237,0.16772953
EID_11694,0.20491502
EID_12824,0.08885509
EID_12797,0.20983091
EID_3524,0.18082929
EID_10559,0.27700663
EID_22844,0.2008852
EID_22281,0.16614228
EID_9535,0.11705008
EID_1642,0.16036871
EID_17630,0.22111854
EID_15083,0.15150002
EID_2690,0.20434946
EID_12199,0.1428892
EID_3449,0.37376106
EID_12097,0.1514059
EID_23272,0.22704506
EID_6890,0.65708226
EID_2438,0.32830817
EID_6508,0.20497194
EID_10772,0.2569216
EID_6076,0.25255093
EID_3045,0.32888725
EID_24779,0.21815631
EID_12553,0.16388392
EID_24984,-0.005928993
EID_17157,0.22140801
EID_11823,0.17940316
EID_4765,0.17279494
EID_16143,0.15851331
EID_19658,0.2530275
EID_12035,0.13987646
EID_3481,0.06052786
EID_12776,0.105896086
EID_21160,0.13242051
EID_11127,0.21195006
EID_11784,0.2023977
EID_17458,0.10573387
EID_15653,0.2188189
EID_25399,0.07052654
EID_8799,0.24544513
EID_14529,0.15437466
EID_19407,0.16066423
EID_8224,0.27723408
EID_21582,0.11044073
EID_14807,0.44261014
EID_17338,0.19027567
EID_10635,0.10407394
EID_16300,0.109389395
EID_5155,0.33666736
EID_11136,0.111079246
EID_7716,0.18410549
EID_13041,0.28254154
EID_1572,0.1580278
EID_2382,0.034147173
EID_4568,0.39827532
EID_25153,0.13076875
EID_20523,0.14478838
EID_2332,0.1860382
EID_6143,0.19936484
EID_19549,0.24740806
EID_24568,0.23025173
EID_23211,0.20601553
EID_2342,0.24053103
EID_2922,0.11290258
EID_6026,0.2311559
EID_10107,0.24756053
EID_14855,0.21046871
EID_18780,0.16684023
EID_10578,0.25441182
EID_3842,0.378266
EID_10225,0.1851792
EID_15275,0.27147877
EID_10740,0.010079026
EID_9483,0.27582037
EID_11262,0.22691971
EID_24388,0.2715351
EID_19271,0.2454924
EID_15363,0.13918939
EID_16555,0.35339385
EID_7387,0.12534246
EID_2692,0.33389366
EID_19754,0.39393103
EID_10859,0.09994501
EID_16618,0.17863429
EID_1697,0.21233985
EID_3764,0.15341583
EID_4502,0.23204237
EID_19240,0.30724508
EID_22590,0.3473351
EID_14056,0.124911726
EID_20697,0.22620082
EID_2505,0.29868805
EID_23288,0.14630565
EID_23373,0.2838915
EID_18878,0.2068708
EID_11857,0.21236145
EID_25945,0.08449644
EID_18242,0.3400087
EID_22823,0.33131737
EID_5625,0.28912246
EID_6702,0.34165666
EID_24252,0.19640744
EID_12704,0.18237305
EID_1770,0.26188597
EID_10159,0.3777947
EID_3702,0.23194468
EID_2688,0.25373876
EID_19784,0.07910019
EID_3636,0.16305235
EID_14537,0.22331342
EID_4878,0.20726451
EID_10260,0.1766487
EID_5154,0.20561755
EID_21206,0.20771459
EID_15511,0.2291174
EID_8010,0.3449053
EID_6249,0.08446652
EID_7392,0.118827164
EID_18362,0.2080971
EID_14147,0.14719605
EID_24826,0.30520272
EID_10862,0.21663472
EID_3088,0.18996578
EID_2871,0.29963762
EID_22681,0.1625658
EID_3720,0.16303131
EID_21540,0.29341894
EID_3516,0.3001189
EID_10969,0.14934957
EID_11396,0.12067726
EID_11407,0.26007995
EID_19264,0.119053096
EID_12406,0.07964587
EID_19440,0.17375505
EID_22729,0.13930455
EID_21143,0.10056189
EID_19936,0.2599338
EID_13997,0.1708023
EID_15533,0.24077806
EID_22065,0.17695794
EID_6600,0.21310842
EID_15316,0.17235276
EID_10721,0.09582785
EID_20630,0.16826263
EID_17720,0.2144363
EID_7692,0.15921354
EID_25004,0.08161867
EID_1804,0.19125703
EID_25207,0.21507627
EID_7638,0.084772795
EID_8179,0.17893076
EID_23406,0.09615919
EID_19285,0.04122764
EID_15333,0.11737144
EID_9685,0.2608785
EID_15725,0.24431548
EID_8302,0.08307028
EID_10726,0.21659207
EID_6168,0.26453412
EID_16711,0.24397153
EID_24881,0.20109597
EID_15281,0.18841434
EID_17428,0.12089872
EID_2814,0.24285948
EID_8717,0.16626865
EID_4395,0.08588487
EID_22871,0.15835035
EID_22152,0.15008017
EID_23649,0.105130285
EID_24748,0.24429816
EID_25426,0.15861976
EID_13986,0.19773328
EID_19704,0.14050633
EID_15554,-0.0033070445
EID_23100,0.030688465
EID_25408,0.13847911
EID_15870,0.18183112
EID_4048,0.3068682
EID_12712,0.20383
EID_1937,0.21509752
EID_14246,0.06676018
EID_2569,0.08539131
EID_6228,0.0666157
EID_21309,0.12176815
EID_16971,0.14055279
EID_25273,0.22326353
EID_8968,0.24866757
EID_21475,0.1398851
EID_1982,0.1625363
EID_23627,0.2931562
EID_14209,0.15359545
EID_22365,0.1754319
EID_21031,0.18855625
EID_16883,0.25896567
EID_15734,0.1729025
EID_20840,0.08857095
EID_20792,0.23545426
EID_2652,0.1969369
EID_3079,0.13422689
EID_1425,0.45817032
EID_17271,0.2620644
EID_22724,0.46525005
EID_23964,0.37198418
EID_9333,0.23560953
EID_12374,0.16138703
EID_25107,0.14977038
EID_22869,0.32531893
EID_18753,0.2015262
EID_16805,0.34782135
EID_19994,0.28911853
EID_3004,0.17966267
EID_12616,0.11227116
EID_6090,0.15109041
EID_3303,0.12005347
EID_9435,0.23207825
EID_1838,0.21860668
EID_15681,0.29507425
EID_17496,0.5029609
EID_8456,0.19991496
EID_23174,0.16892326
EID_8285,0.17420703
EID_6547,0.22810116
EID_23648,0.083177924
EID_7958,0.27429393
EID_19299,0.17441016
EID_8699,0.15095279
EID_14528,0.18051916
EID_23167,0.17328426
EID_25289,0.22875163
EID_12802,0.3565263
EID_15986,0.19353443
EID_3609,0.17576832
EID_2045,0.021011055
EID_1788,0.12527606
EID_22630,0.16887498
EID_10542,0.21948868
EID_13101,0.15971223
EID_5159,0.21306583
EID_18490,0.21528253
EID_25693,0.09560436
EID_20514,0.060951054
EID_3713,0.13871005
EID_11193,0.21867016
EID_6052,0.41225255
EID_6986,0.14985898
EID_9104,0.13182876
EID_23058,0.19608289
EID_3156,0.16518593
EID_17660,0.08300856
EID_17514,0.060109288
EID_15370,0.38114113
EID_12207,0.03398338
EID_7351,0.19393721
EID_24727,0.25067505
EID_6356,0.16060859
EID_15421,0.44411582
EID_11772,0.23628736
EID_14071,0.083708376
EID_16359,0.091431886
EID_16919,0.06314179
EID_21496,0.14005378
EID_10564,0.1586796
EID_3773,0.12457937
EID_9484,0.4052732
EID_13601,0.19078633
EID_13843,0.16792408
EID_8774,0.20248404
EID_7542,0.39097422
EID_3388,0.17358989
EID_17949,0.15447143
EID_1815,0.14469698
EID_10479,0.2806567
EID_10722,0.20375422
EID_3427,0.32438368
EID_18205,0.14055815
EID_21650,0.12958625
EID_23124,0.23153761
EID_4294,0.3279006
EID_13366,0.13402873
EID_13957,0.24366263
EID_3578,0.17300394
EID_24105,0.17131123
EID_13186,0.19313765
EID_24214,0.11961278
EID_17251,0.38249665
EID_23225,0.25752336
EID_2152,0.20689654
EID_10625,0.21966383
EID_2044,0.18297514
EID_7201,0.13055837
EID_2405,0.26520467
EID_22716,0.20549169
EID_22728,0.20423329
EID_21251,0.37839103
EID_6915,0.3503304
EID_14744,-0.01856488
EID_15814,0.07198322
EID_6659,0.21341717
EID_10991,0.07206592
EID_6500,0.22913328
EID_19121,0.13648692
EID_6278,0.47061908
EID_13236,0.14481574
EID_5382,0.120747805
EID_6871,0.04844162
EID_5012,0.2533239
EID_1268,0.22913131
EID_6588,0.24937928
EID_22163,0.09868887
EID_11121,0.12484676
EID_22615,0.16581902
EID_7838,0.19683751
EID_3344,0.104430735
EID_25292,0.20756176
EID_10730,0.26002628
EID_10317,0.15615198
EID_13443,0.15523762
EID_10988,0.2681352
EID_23091,0.25265244
EID_1839,0.1855551
EID_13892,0.20634964
EID_1496,0.064680785
EID_15045,0.20895162
EID_3744,0.22692573
EID_13010,0.24650598
EID_9716,0.1923194
EID_2993,0.3800239
EID_23435,0.22887513
EID_8587,0.3134111
EID_22132,0.2105962
EID_21413,0.15476424
EID_11881,0.1818983
EID_19850,0.47914234
EID_18460,0.22728527
EID_17983,0.23661059
EID_14888,0.20484781
EID_14002,0.19669387
EID_13524,0.21004242
EID_4049,0.14907962
EID_6535,0.22395411
EID_10557,0.13744721
EID_1313,0.18728995
EID_12424,0.07143584
EID_8210,0.26172101
EID_22378,0.237746
EID_19644,0.15880206
EID_8790,0.29672474
EID_5778,0.24346313
EID_23887,0.1500381
EID_16103,0.17111
EID_20604,0.12918624
EID_17378,0.21091422
EID_5566,0.18558168
EID_24264,0.14092189
EID_7814,0.43655258
EID_1968,0.115920335
EID_10282,0.1873968
EID_13648,0.17451343
EID_22376,0.28429168
EID_3690,0.24970987
EID_17871,0.14502198
EID_19167,0.19067505
EID_5366,0.15743458
EID_16996,0.26063412
EID_1953,0.18714327
EID_8760,0.13950413
EID_20448,0.086012095
EID_15787,0.30732554
EID_18982,0.22374591
EID_4388,0.30050743
EID_22325,0.1272473
EID_10189,0.21224275
EID_21162,0.16246763
EID_1032,0.3257279
EID_12045,0.25395682
EID_18324,0.13779739
EID_15085,0.23919278
EID_21927,0.102107674
EID_13325,0.15018883
EID_17801,0.17626527
EID_7678,0.20443442
EID_17469,0.10634065
EID_14318,0.14453742
EID_16439,0.2387403
EID_2307,0.30495784
EID_20011,0.0892306
EID_19381,0.14162245
EID_14043,0.2503982
EID_14774,0.27953017
EID_22982,0.13556355
EID_19092,0.07262567
EID_13137,0.3045507
EID_5738,0.2746083
EID_19661,0.105229914
EID_22570,0.20363325
EID_16393,0.28290218
EID_4256,0.19182363
EID_17873,0.25103706
EID_13832,0.21592009
EID_17617,0.21299925
EID_3106,0.2224685
EID_6567,0.26682734
EID_4727,0.17686036
EID_14518,0.33057797
EID_1070,0.11092618
EID_19385,0.2505257
EID_20032,0.2739553
EID_11714,0.13272294
EID_23636,0.101617366
EID_1985,0.2576307
EID_5627,0.17928323
EID_15171,0.15862885
EID_8811,0.20904157
EID_2163,0.17086327
EID_8459,0.0666081
EID_18138,0.2170955
EID_17518,0.215063
EID_17432,0.11336693
EID_25686,0.09980637
EID_2470,0.32545394
EID_16311,0.19493648
EID_6903,0.23134872
EID_11990,0.22106335
EID_23460,0.14599189
EID_25924,0.1859864
EID_13985,0.09569064
EID_5455,0.24626783
EID_13427,0.15045813
EID_24855,0.21464327
EID_15532,0.3560933
EID_8953,0.16477475
EID_22683,0.27209687
EID_22493,0.09356108
EID_1451,0.31752056
EID_20796,0.23873919
EID_17281,0.10862926
EID_7767,0.28970408
EID_20838,0.17817241
EID_17235,0.107526034
EID_21615,0.32602984
EID_6972,0.1911754
EID_13930,0.2000126
EID_4188,0.18291351
EID_11277,0.14253208
EID_18053,0.08836746
EID_11288,0.34108007
EID_1148,0.23700568
EID_19216,0.23258823
EID_7660,0.050836325
EID_22805,0.1879398
EID_11931,0.1579983
EID_16921,0.16334447
EID_4993,0.21563196
EID_18070,0.08468598
EID_15648,0.29984528
EID_11404,0.18925017
EID_14248,0.26583907
EID_15424,0.15349475
EID_8039,0.2422258
EID_7094,0.22591162
EID_13161,0.15180522
EID_9293,0.14921343
EID_4351,0.18792719
EID_17259,0.17640397
EID_2681,0.10310292
EID_22123,0.1943104
EID_8528,0.14447656
EID_11798,0.114753306
EID_20265,0.43874085
EID_21396,0.119454384
EID_12220,0.19331703
EID_25722,0.3880334
EID_21719,0.2761083
EID_3506,0.21404472
EID_2139,0.16683465
EID_6562,0.17124644
EID_4353,0.12811834
EID_24392,0.2534144
EID_11238,0.13252139
EID_20617,0.30765218
EID_21473,0.2428562
EID_16837,0.25098044
EID_1800,0.20496926
EID_25849,0.22702384
EID_9395,0.29116756
EID_2415,0.08103469
EID_9286,0.20372915
EID_5081,0.17447707
EID_22546,0.09197539
EID_11932,0.1465677
EID_16292,0.11557624
EID_17882,0.268578
EID_20889,0.27652428
EID_10031,0.17712092
EID_21576,0.23005566
EID_8256,0.17263249
EID_2614,0.16861764
EID_2098,0.1324502
EID_10242,0.25446302
EID_21993,0.068080544
EID_22664,0.12074801
EID_1919,0.22720566
EID_11629,0.30626613
EID_6840,0.45138824
EID_25493,0.18647552
EID_14968,0.12109652
EID_25313,0.20241976
EID_8035,0.28937125
EID_8969,0.443147
EID_15223,0.20562172
EID_6266,0.22472507
EID_8184,0.19225508
EID_19480,0.1871714
EID_19076,0.17916378
EID_16339,0.26252484
EID_7963,0.41339195
EID_17427,0.15950006
EID_12641,0.09138921
EID_4122,0.18601155
EID_23659,0.22746736
EID_13486,0.1431357
EID_18423,0.15839285
EID_2181,0.18312758
EID_25490,0.09212607
EID_9211,0.30802453
EID_5237,0.250584
EID_2418,0.14805105
EID_17716,0.095097065
EID_13837,0.16967377
EID_2840,0.23933345
EID_13004,0.29128563
EID_14429,0.18022579
EID_18915,0.27802032
EID_22415,0.23953605
EID_4304,0.28996235
EID_10753,0.4756051
EID_22612,0.24490342
EID_1857,0.36520725
EID_3566,0.37555778
EID_8545,0.44421643
EID_21685,0.34228283
EID_9946,0.2589625
EID_20447,0.1807225
EID_3887,0.19423625
EID_8351,0.2362746
EID_23889,0.37761444
EID_8248,0.245085
EID_16621,0.23344243
EID_25138,0.12681308
EID_10004,0.16357341
EID_5522,0.16403249
EID_23416,0.15792605
EID_14897,0.19005314
EID_10840,0.14658415
EID_21716,0.25199902
EID_18484,0.19711411
EID_7402,0.2645735
EID_24854,0.22096184
EID_1610,0.20125231
EID_17592,0.06341076
EID_22128,0.1780383
EID_17304,0.19468474
EID_1508,0.38495502
EID_20492,0.16007906
EID_2324,0.11446774
EID_17093,0.09584132
EID_23356,0.17109025
EID_17895,0.14445132
EID_8186,0.20731935
EID_19358,0.26781213
EID_6030,0.13122505
EID_17457,0.10711703
EID_14976,0.19879201
EID_8914,0.24415207
EID_5721,0.25281486
EID_11266,0.19037879
EID_17012,0.26335883
EID_7554,0.18592948
EID_3087,0.39462587
EID_19716,0.16719994
EID_21723,0.20762011
EID_13072,0.32923108
EID_9776,0.17524761
EID_25927,0.24349558
EID_5593,0.07004082
EID_13954,0.19573513
EID_16034,0.1802625
EID_1719,0.4927914
EID_23054,0.40909013
EID_15591,0.21151197
EID_5178,0.17747766
EID_24346,0.17644376
EID_21264,0.17712805
EID_3292,0.45225167
EID_14975,0.2298356
EID_9165,0.08180192
EID_23369,0.103711665
EID_18767,0.25668466
EID_10153,0.082273126
EID_2542,0.17368552
EID_23826,0.16326764
EID_20391,0.07054022
EID_8633,0.20181945
EID_5875,0.28259543
EID_12699,0.20371506
EID_12982,0.18788585
EID_16392,0.11541033
EID_8185,0.26847994
EID_15462,0.28975666
EID_4853,0.5616985
EID_17622,0.13069636
EID_23074,0.30384153
EID_6390,0.38604194
EID_24539,0.10805634
EID_12963,0.18201798
EID_8649,0.1841487
EID_11810,0.14934301
EID_3598,0.23217401
EID_13511,0.17911512
EID_16014,0.27901423
EID_24791,0.2949492
EID_3417,0.30361313
EID_24668,0.10756129
EID_4508,0.210937
EID_25150,0.22431293
EID_25934,0.20710167
EID_6308,0.494952
EID_10508,0.32251793
EID_18724,0.1576001
EID_10536,0.11195001
EID_18738,0.15487525
EID_15949,0.20710015
EID_20722,0.13655022
EID_14963,0.105743736
EID_6682,0.19468781
EID_8365,0.2055147
EID_17999,0.30954468
EID_24499,0.25156468
EID_20389,0.14546207
EID_12123,0.21271446
EID_19203,0.22889426
EID_3538,0.25360757
EID_19811,0.18320388
EID_11473,0.17396021
EID_3032,0.23322675
EID_8419,0.07565755
EID_9052,0.079601556
EID_15837,0.3310392
EID_6644,0.19328287
EID_16894,0.23280391
EID_10552,0.13598812
EID_14750,0.26098126
EID_16659,0.16091946
EID_4472,0.39281732
EID_4076,0.23203313
EID_5163,0.17211053
EID_25923,0.2877189
EID_24806,0.12976691
EID_3742,0.1520699
EID_19722,0.18431634
EID_18033,0.1842952
EID_16718,0.291247
EID_13182,0.35520878
EID_23021,0.1880432
EID_20329,0.12841877
EID_8770,0.11324096
EID_11234,0.22812238
EID_18881,0.1565147
EID_1365,0.24763545
EID_19318,0.14412788
EID_19343,0.08469519
EID_4435,0.2465274
EID_22102,0.22900057
EID_24095,0.32639748
EID_9897,0.027609736
EID_21635,0.4999536
EID_16514,0.34393567
EID_1997,0.4139078
EID_10324,0.35503176
EID_6487,0.44388354
EID_21197,0.20791972
EID_19082,0.27034488
EID_17562,0.23669463
EID_8738,0.24378109
EID_13687,0.132714
EID_19572,0.13545212
EID_24909,0.15033281
EID_21814,0.13906905
EID_12083,0.21053717
EID_25919,0.14198181
EID_19140,0.04297754
EID_23924,0.24040678
EID_1208,0.23746836
EID_18170,0.20922735
EID_18699,0.24213153
EID_1318,0.19388336
EID_14941,0.14357236
EID_6540,0.10328522
EID_20936,0.20405912
EID_9705,0.30628031
EID_24181,0.14348271
EID_22138,0.3213324
EID_23044,0.30145407
EID_9038,0.22281697
EID_3247,0.25317302
EID_19630,0.16967928
EID_8655,0.3535015
EID_10423,0.22816595
EID_3946,0.13381541
EID_16512,0.17799321
EID_12473,0.2824915
EID_11571,0.13211891
EID_14381,0.10649499
EID_12675,0.19301564
EID_1930,0.17204839
EID_20155,0.22976983
EID_22902,0.13418838
EID_24145,0.1742022
EID_5342,0.16534588
EID_8334,0.17231652
EID_25708,0.08647728
EID_19991,0.35512793
EID_5499,0.34320801
EID_5953,0.2347315
EID_7444,0.32868198
EID_6218,0.49384794
EID_12891,0.27114075
EID_16456,0.18958735
EID_20256,0.24030674
EID_9959,0.3032398
EID_8845,0.2068021
EID_1662,0.08566874
EID_8739,0.18680131
EID_20695,0.34727988
EID_19446,0.1783706
EID_12441,0.25373897
EID_13066,0.19132501
EID_8911,0.12519225
EID_22200,0.24189487
EID_9689,0.22326797
EID_1668,0.32347876
EID_8120,0.1401102
EID_22777,0.15115967
EID_19141,0.27475744
EID_22674,0.23479846
EID_16121,0.17835623
EID_14662,0.23478347
EID_23290,0.17105907
EID_20144,0.18953982
EID_23052,0.14627731
EID_25575,0.16655916
EID_23724,0.16135973
EID_14759,0.34425128
EID_25209,0.21578225
EID_17753,0.39993197
EID_4693,0.24816987
EID_17284,0.20190284
EID_9131,0.20467907
EID_24625,0.20686558
EID_24912,0.2715066
EID_19612,0.25007546
EID_9147,0.101044565
EID_6891,0.1751464
EID_10639,0.2113004
EID_5880,0.11350003
EID_22547,0.12554693
EID_10066,0.2743814
EID_7126,0.028689742
EID_4929,0.20625919
EID_24750,0.20119235
